first,last,name,country,country_abbr,date,event,position,time,period,points,current_rank,currently_used
Léo,Bergere,Léo Bergere,France,FRA,2022-11-24,2022 World Triathlon Championship Finals Abu Dhabi,1,1:44:14,first,1250,1,Yes
Léo,Bergere,Léo Bergere,France,FRA,2022-06-24,2022 World Triathlon Sprint & Relay Championships Montreal*,3,0:21:59,first,748.67,1,Yes
Léo,Bergere,Léo Bergere,France,FRA,2022-06-11,2022 World Triathlon Championship Series Leeds,2,0:53:28,first,693.75,1,Yes
Léo,Bergere,Léo Bergere,France,FRA,2022-10-08,2022 World Triathlon Championship Series Cagliari,6,1:40:40,first,677.19,1,Yes
Léo,Bergere,Léo Bergere,France,FRA,2022-08-12,2022 Europe Triathlon Championships Munich,1,1:41:09,first,650,1,Yes
Léo,Bergere,Léo Bergere,France,FRA,2022-07-09,2022 World Triathlon Championship Series Hamburg,4,0:53:29,first,593.59,1,Yes
Léo,Bergere,Léo Bergere,France,FRA,2023-03-03,2023 World Triathlon Championship Series Abu Dhabi,6,0:53:15,first,507.89,1,No
Alex,Yee,Alex Yee,Great Britain,GBR,2022-10-08,2022 World Triathlon Championship Series Cagliari,1,1:40:19,first,1000,2,Yes
Alex,Yee,Alex Yee,Great Britain,GBR,2022-11-24,2022 World Triathlon Championship Finals Abu Dhabi,4,1:44:37,first,989.32,2,Yes
Alex,Yee,Alex Yee,Great Britain,GBR,2022-06-24,2022 World Triathlon Sprint & Relay Championships Montreal*,1,0:21:55,first,875,2,Yes
Alex,Yee,Alex Yee,Great Britain,GBR,2023-03-03,2023 World Triathlon Championship Series Abu Dhabi,1,0:52:53,first,750,2,Yes
Alex,Yee,Alex Yee,Great Britain,GBR,2022-11-05,2022 World Triathlon Championship Series Bermuda,5,1:50:04,first,732.09,2,Yes
Jelle,Geens,Jelle Geens,Belgium,BEL,2022-11-24,2022 World Triathlon Championship Finals Abu Dhabi,3,1:44:34,first,1069.53,3,Yes
Jelle,Geens,Jelle Geens,Belgium,BEL,2022-11-05,2022 World Triathlon Championship Series Bermuda,4,1:49:59,first,791.45,3,Yes
Jelle,Geens,Jelle Geens,Belgium,BEL,2022-06-24,2022 World Triathlon Sprint & Relay Championships Montreal*,4,0:22:02,first,692.52,3,Yes
Jelle,Geens,Jelle Geens,Belgium,BEL,2022-07-09,2022 World Triathlon Championship Series Hamburg,5,0:53:36,first,549.07,3,Yes
Jelle,Geens,Jelle Geens,Belgium,BEL,2022-06-11,2022 World Triathlon Championship Series Leeds,8,0:53:59,first,434.56,3,Yes
Jelle,Geens,Jelle Geens,Belgium,BEL,2022-08-12,2022 Europe Triathlon Championships Munich,5,1:41:39,first,399.72,3,Yes
Jelle,Geens,Jelle Geens,Belgium,BEL,2022-10-08,2022 World Triathlon Championship Series Cagliari,33,1:43:21,first,82.52,3,No
Jelle,Geens,Jelle Geens,Belgium,BEL,2023-03-03,2023 World Triathlon Championship Series Abu Dhabi,37,0:54:36,first,45.31,3,No
Vincent,Luis,Vincent Luis,France,FRA,2022-11-05,2022 World Triathlon Championship Series Bermuda,1,1:49:37,first,1000,4,Yes
Vincent,Luis,Vincent Luis,France,FRA,2022-11-24,2022 World Triathlon Championship Finals Abu Dhabi,7,1:45:19,first,783,4,Yes
Vincent,Luis,Vincent Luis,France,FRA,2023-03-03,2023 World Triathlon Championship Series Abu Dhabi,4,0:53:11,first,593.59,4,Yes
Vincent,Luis,Vincent Luis,France,FRA,2022-06-24,2022 World Triathlon Sprint & Relay Championships Montreal*,6,0:22:08,first,592.54,4,Yes
Vincent,Luis,Vincent Luis,France,FRA,2022-06-11,2022 World Triathlon Championship Series Leeds,10,0:54:01,first,371.82,4,Yes
Vincent,Luis,Vincent Luis,France,FRA,2022-07-09,2022 World Triathlon Championship Series Hamburg,11,0:53:44,first,343.94,4,Yes
Hayden,Wilde,Hayden Wilde,New Zealand,NZL,2022-11-24,2022 World Triathlon Championship Finals Abu Dhabi,6,1:45:13,first,846.48,5,Yes
Hayden,Wilde,Hayden Wilde,New Zealand,NZL,2022-06-24,2022 World Triathlon Sprint & Relay Championships Montreal*,2,0:21:58,first,809.38,5,Yes
Hayden,Wilde,Hayden Wilde,New Zealand,NZL,2022-06-11,2022 World Triathlon Championship Series Leeds,1,0:53:18,first,750,5,Yes
Hayden,Wilde,Hayden Wilde,New Zealand,NZL,2022-07-09,2022 World Triathlon Championship Series Hamburg,1,0:53:10,first,750,5,Yes
Hayden,Wilde,Hayden Wilde,New Zealand,NZL,2023-03-25,2023 World Triathlon Cup New Plymouth,1,0:55:57,first,375,5,Yes
Hayden,Wilde,Hayden Wilde,New Zealand,NZL,2023-03-03,2023 World Triathlon Championship Series Abu Dhabi,46,0:55:24,first,22.46,5,Yes
Manoel,Massias,Manoel Massias,Brazil,BRA,2022-10-08,2022 World Triathlon Championship Series Cagliari,3,1:40:29,first,855.63,6,Yes
Manoel,Massias,Manoel Massias,Brazil,BRA,2023-03-03,2023 World Triathlon Championship Series Abu Dhabi,3,0:53:06,first,641.72,6,Yes
Manoel,Massias,Manoel Massias,Brazil,BRA,2022-06-24,2022 World Triathlon Sprint & Relay Championships Montreal*,5,0:22:05,first,640.58,6,Yes
Manoel,Massias,Manoel Massias,Brazil,BRA,2022-09-03,2022 World Triathlon Cup Valencia,1,0:50:14,first,375,6,Yes
Manoel,Massias,Manoel Massias,Brazil,BRA,2022-05-28,2022 World Triathlon Cup Arzachena,2,0:54:24,first,346.88,6,Yes
Manoel,Massias,Manoel Massias,Brazil,BRA,2022-09-11,2022 World Triathlon Cup Karlovy Vary,6,1:52:14,first,338.59,6,Yes
Manoel,Massias,Manoel Massias,Brazil,BRA,2022-10-29,2022 Americas Triathlon Championships Montevideo,6,1:52:07,first,316.92,6,No
Manoel,Massias,Manoel Massias,Brazil,BRA,2022-07-09,2022 World Triathlon Championship Series Hamburg,31,0:54:35,first,72.33,6,No
Manoel,Massias,Manoel Massias,Brazil,BRA,2022-11-24,2022 World Triathlon Championship Finals Abu Dhabi,43,1:48:35,first,47.3,6,No
Lasse,Lührs,Lasse Lührs,Germany,GER,2022-10-08,2022 World Triathlon Championship Series Cagliari,4,1:40:31,first,791.45,7,Yes
Lasse,Lührs,Lasse Lührs,Germany,GER,2022-06-11,2022 World Triathlon Championship Series Leeds,3,0:53:38,first,641.72,7,Yes
Lasse,Lührs,Lasse Lührs,Germany,GER,2022-11-05,2022 World Triathlon Championship Series Bermuda,7,1:50:12,first,626.4,7,Yes
Lasse,Lührs,Lasse Lührs,Germany,GER,2022-09-11,2022 World Triathlon Cup Karlovy Vary,3,1:51:42,first,427.81,7,Yes
Lasse,Lührs,Lasse Lührs,Germany,GER,2022-07-09,2022 World Triathlon Championship Series Hamburg,10,0:53:43,first,371.82,7,Yes
Lasse,Lührs,Lasse Lührs,Germany,GER,2022-05-28,2022 World Triathlon Cup Arzachena,9,0:55:18,first,200.99,7,Yes
Lasse,Lührs,Lasse Lührs,Germany,GER,2022-08-12,2022 Europe Triathlon Championships Munich,18,1:43:38,first,138.17,7,No
Lasse,Lührs,Lasse Lührs,Germany,GER,2022-11-24,2022 World Triathlon Championship Finals Abu Dhabi,52,1:50:33,first,23.45,7,No
Antonio,Serrat Seoane,Antonio Serrat Seoane,Spain,ESP,2022-11-05,2022 World Triathlon Championship Series Bermuda,2,1:49:45,first,925,8,Yes
Antonio,Serrat Seoane,Antonio Serrat Seoane,Spain,ESP,2022-07-24,2022 World Triathlon Cup Pontevedra,2,1:47:12,first,462.5,8,Yes
Antonio,Serrat Seoane,Antonio Serrat Seoane,Spain,ESP,2022-06-11,2022 World Triathlon Championship Series Leeds,9,0:54:00,first,401.97,8,Yes
Antonio,Serrat Seoane,Antonio Serrat Seoane,Spain,ESP,2023-03-03,2023 World Triathlon Championship Series Abu Dhabi,11,0:53:28,first,343.94,8,Yes
Antonio,Serrat Seoane,Antonio Serrat Seoane,Spain,ESP,2022-10-08,2022 World Triathlon Championship Series Cagliari,15,1:41:12,first,335.73,8,Yes
Antonio,Serrat Seoane,Antonio Serrat Seoane,Spain,ESP,2022-09-03,2022 World Triathlon Cup Valencia,4,0:50:34,first,296.79,8,Yes
Antonio,Serrat Seoane,Antonio Serrat Seoane,Spain,ESP,2022-06-24,2022 World Triathlon Sprint & Relay Championships Montreal*,29,0:00:00,first,98.62,8,No
Antonio,Serrat Seoane,Antonio Serrat Seoane,Spain,ESP,2022-05-28,2022 World Triathlon Cup Arzachena,20,0:56:04,first,85.26,8,No
Antonio,Serrat Seoane,Antonio Serrat Seoane,Spain,ESP,2022-11-24,2022 World Triathlon Championship Finals Abu Dhabi,37,1:47:51,first,75.51,8,No
Antonio,Serrat Seoane,Antonio Serrat Seoane,Spain,ESP,2022-07-09,2022 World Triathlon Championship Series Hamburg,48,0:56:51,first,19.22,8,No
Antonio,Serrat Seoane,Antonio Serrat Seoane,Spain,ESP,2022-08-12,2022 Europe Triathlon Championships Munich,49,1:49:15,first,12.33,8,No
Matthew,Mcelroy,Matthew Mcelroy,United States,USA,2022-11-24,2022 World Triathlon Championship Finals Abu Dhabi,10,1:45:26,first,619.71,9,Yes
Matthew,Mcelroy,Matthew Mcelroy,United States,USA,2022-10-15,2022 World Triathlon Cup Tongyeong,1,1:44:49,first,500,9,Yes
Matthew,Mcelroy,Matthew Mcelroy,United States,USA,2022-09-11,2022 World Triathlon Cup Karlovy Vary,2,1:51:20,first,462.5,9,Yes
Matthew,Mcelroy,Matthew Mcelroy,United States,USA,2023-03-03,2023 World Triathlon Championship Series Abu Dhabi,8,0:53:19,first,434.56,9,Yes
Matthew,Mcelroy,Matthew Mcelroy,United States,USA,2022-09-03,2022 World Triathlon Cup Valencia,3,0:50:25,first,320.86,9,Yes
Matthew,Mcelroy,Matthew Mcelroy,United States,USA,2022-11-05,2022 World Triathlon Championship Series Bermuda,16,1:51:09,first,310.55,9,Yes
Matthew,Mcelroy,Matthew Mcelroy,United States,USA,2022-06-11,2022 World Triathlon Championship Series Leeds,16,0:54:18,first,232.91,9,No
Matthew,Mcelroy,Matthew Mcelroy,United States,USA,2022-06-24,2022 World Triathlon Sprint & Relay Championships Montreal*,20,0:25:02,first,198.93,9,No
Matthew,Mcelroy,Matthew Mcelroy,United States,USA,2022-08-28,2022 World Triathlon Cup Bergen,11,0:56:38,first,171.97,9,No
Vasco,Vilaca,Vasco Vilaca,Portugal,POR,2023-03-03,2023 World Triathlon Championship Series Abu Dhabi,2,0:52:59,first,693.75,10,Yes
Vasco,Vilaca,Vasco Vilaca,Portugal,POR,2022-06-11,2022 World Triathlon Championship Series Leeds,4,0:53:38,first,593.59,10,Yes
Vasco,Vilaca,Vasco Vilaca,Portugal,POR,2022-07-09,2022 World Triathlon Championship Series Hamburg,7,0:53:38,first,469.8,10,Yes
Vasco,Vilaca,Vasco Vilaca,Portugal,POR,2022-11-05,2022 World Triathlon Championship Series Bermuda,13,1:50:57,first,392.37,10,Yes
Vasco,Vilaca,Vasco Vilaca,Portugal,POR,2022-11-24,2022 World Triathlon Championship Finals Abu Dhabi,23,1:46:31,first,224.92,10,Yes
Vasco,Vilaca,Vasco Vilaca,Portugal,POR,2022-08-12,2022 Europe Triathlon Championships Munich,13,1:42:59,first,204.03,10,Yes
Roberto,Sanchez Mantecon,Roberto Sanchez Mantecon,Spain,ESP,2022-11-05,2022 World Triathlon Championship Series Bermuda,3,1:49:54,first,855.63,11,Yes
Roberto,Sanchez Mantecon,Roberto Sanchez Mantecon,Spain,ESP,2023-03-03,2023 World Triathlon Championship Series Abu Dhabi,7,0:53:18,first,469.8,11,Yes
Roberto,Sanchez Mantecon,Roberto Sanchez Mantecon,Spain,ESP,2022-09-11,2022 World Triathlon Cup Karlovy Vary,4,1:52:03,first,395.73,11,Yes
Roberto,Sanchez Mantecon,Roberto Sanchez Mantecon,Spain,ESP,2022-06-24,2022 World Triathlon Sprint & Relay Championships Montreal*,14,0:22:08,first,317.58,11,Yes
Roberto,Sanchez Mantecon,Roberto Sanchez Mantecon,Spain,ESP,2022-09-03,2022 World Triathlon Cup Valencia,9,0:50:53,first,200.99,11,Yes
Roberto,Sanchez Mantecon,Roberto Sanchez Mantecon,Spain,ESP,2022-11-13,2022 World Triathlon Cup Vina del Mar,12,0:51:42,first,159.07,11,Yes
Roberto,Sanchez Mantecon,Roberto Sanchez Mantecon,Spain,ESP,2022-11-24,2022 World Triathlon Championship Finals Abu Dhabi,45,1:49:25,first,40.47,11,No
Roberto,Sanchez Mantecon,Roberto Sanchez Mantecon,Spain,ESP,2022-06-11,2022 World Triathlon Championship Series Leeds,39,0:55:51,first,38.77,11,No
Roberto,Sanchez Mantecon,Roberto Sanchez Mantecon,Spain,ESP,2022-07-09,2022 World Triathlon Championship Series Hamburg,41,0:55:34,first,33.17,11,No
Joao,Silva,Joao Silva,Portugal,POR,2022-11-24,2022 World Triathlon Championship Finals Abu Dhabi,9,1:45:23,first,669.95,12,Yes
Joao,Silva,Joao Silva,Portugal,POR,2022-11-05,2022 World Triathlon Championship Series Bermuda,11,1:50:18,first,458.58,12,Yes
Joao,Silva,Joao Silva,Portugal,POR,2022-07-09,2022 World Triathlon Championship Series Hamburg,8,0:53:40,first,434.56,12,Yes
Joao,Silva,Joao Silva,Portugal,POR,2022-06-24,2022 World Triathlon Sprint & Relay Championships Montreal*,10,0:24:07,first,433.79,12,Yes
Joao,Silva,Joao Silva,Portugal,POR,2022-06-11,2022 World Triathlon Championship Series Leeds,11,0:54:03,first,343.94,12,Yes
Joao,Silva,Joao Silva,Portugal,POR,2022-05-28,2022 World Triathlon Cup Arzachena,26,0:57:10,first,53.4,12,Yes
Joao,Silva,Joao Silva,Portugal,POR,2023-03-03,2023 World Triathlon Championship Series Abu Dhabi,51,0:56:22,first,15.21,12,No
Matthew,Hauser,Matthew Hauser,Australia,AUS,2022-11-24,2022 World Triathlon Championship Finals Abu Dhabi,5,1:44:51,first,915.12,13,Yes
Matthew,Hauser,Matthew Hauser,Australia,AUS,2022-07-09,2022 World Triathlon Championship Series Hamburg,2,0:53:13,first,693.75,13,Yes
Matthew,Hauser,Matthew Hauser,Australia,AUS,2022-10-08,2022 World Triathlon Championship Series Cagliari,11,1:40:56,first,458.58,13,Yes
Matthew,Hauser,Matthew Hauser,Australia,AUS,2023-03-03,2023 World Triathlon Championship Series Abu Dhabi,18,0:53:42,first,199.28,13,Yes
Matthew,Hauser,Matthew Hauser,Australia,AUS,2022-06-11,2022 World Triathlon Championship Series Leeds,26,0:54:38,first,106.81,13,Yes
Jawad,Abdelmoula,Jawad Abdelmoula,Morocco,MAR,2022-07-09,2022 World Triathlon Championship Series Hamburg,3,0:53:26,first,641.72,14,Yes
Jawad,Abdelmoula,Jawad Abdelmoula,Morocco,APR,2022-09-24,2022 Africa Triathlon Championships Agadir*,1,1:49:25,first,510,14,Yes
Jawad,Abdelmoula,Jawad Abdelmoula,Morocco,MAY,2022-06-24,2022 World Triathlon Sprint & Relay Championships Montreal*,8,0:22:13,first,506.99,14,Yes
Jawad,Abdelmoula,Jawad Abdelmoula,Morocco,JUN,2022-11-13,2022 World Triathlon Cup Vina del Mar,3,0:50:56,first,320.86,14,Yes
Jawad,Abdelmoula,Jawad Abdelmoula,Morocco,JUL,2022-11-05,2022 World Triathlon Championship Series Bermuda,25,1:51:57,first,153.96,14,Yes
Jawad,Abdelmoula,Jawad Abdelmoula,Morocco,AUG,2022-09-03,2022 World Triathlon Cup Valencia,14,0:51:03,first,136.1,14,Yes
Jawad,Abdelmoula,Jawad Abdelmoula,Morocco,SEP,2022-11-24,2022 World Triathlon Championship Finals Abu Dhabi,40,1:48:17,first,59.76,14,No
Jawad,Abdelmoula,Jawad Abdelmoula,Morocco,OCT,2022-06-11,2022 World Triathlon Championship Series Leeds,37,0:55:40,first,45.31,14,No
Csongor,Lehmann,Csongor Lehmann,Hungary,HUN,2022-10-08,2022 World Triathlon Championship Series Cagliari,9,1:40:50,first,535.96,15,Yes
Csongor,Lehmann,Csongor Lehmann,Hungary,HUN,2022-09-11,2022 World Triathlon Cup Karlovy Vary,1,1:51:10,first,500,15,Yes
Csongor,Lehmann,Csongor Lehmann,Hungary,HUN,2022-08-12,2022 Europe Triathlon Championships Munich,4,1:41:30,first,452.72,15,Yes
Csongor,Lehmann,Csongor Lehmann,Hungary,HUN,2022-07-09,2022 World Triathlon Championship Series Hamburg,14,0:53:54,first,272.21,15,Yes
Csongor,Lehmann,Csongor Lehmann,Hungary,HUN,2022-06-11,2022 World Triathlon Championship Series Leeds,15,0:54:16,first,251.79,15,Yes
Csongor,Lehmann,Csongor Lehmann,Hungary,HUN,2022-05-28,2022 World Triathlon Cup Arzachena,21,0:56:15,first,78.86,15,Yes
Csongor,Lehmann,Csongor Lehmann,Hungary,HUN,2022-11-05,2022 World Triathlon Championship Series Bermuda,39,1:57:11,first,51.69,15,No
Michele,Sarzilla,Michele Sarzilla,Italy,ITA,2022-10-08,2022 World Triathlon Championship Series Cagliari,8,1:40:45,first,579.42,16,Yes
Michele,Sarzilla,Michele Sarzilla,Italy,ITA,2022-11-05,2022 World Triathlon Championship Series Bermuda,14,1:50:59,first,362.95,16,Yes
Michele,Sarzilla,Michele Sarzilla,Italy,ITA,2022-11-24,2022 World Triathlon Championship Finals Abu Dhabi,17,1:46:09,first,359.07,16,Yes
Michele,Sarzilla,Michele Sarzilla,Italy,ITA,2022-08-12,2022 Europe Triathlon Championships Munich,8,1:42:33,first,301.3,16,Yes
Michele,Sarzilla,Michele Sarzilla,Italy,ITA,2022-06-11,2022 World Triathlon Championship Series Leeds,14,0:54:15,first,272.21,16,Yes
Michele,Sarzilla,Michele Sarzilla,Italy,ITA,2022-07-09,2022 World Triathlon Championship Series Hamburg,17,0:53:58,first,215.44,16,Yes
Michele,Sarzilla,Michele Sarzilla,Italy,ITA,2022-09-11,2022 World Triathlon Cup Karlovy Vary,17,1:53:24,first,143.63,16,No
Michele,Sarzilla,Michele Sarzilla,Italy,ITA,2023-03-03,2023 World Triathlon Championship Series Abu Dhabi,24,0:53:54,first,124.83,16,No
Jonas,Schomburg,Jonus Schomberg,Germany,GER,2022-11-05,2022 World Triathlon Championship Series Bermuda,12,1:50:33,first,424.19,17,Yes
Jonas,Schomburg,Jonus Schomberg,Germany,GER,2022-10-08,2022 World Triathlon Championship Series Cagliari,13,1:41:03,first,392.37,17,Yes
Jonas,Schomburg,Jonus Schomberg,Germany,GER,2022-08-12,2022 Europe Triathlon Championships Munich,7,1:42:08,first,325.73,17,Yes
Jonas,Schomburg,Jonus Schomberg,Germany,GER,2022-09-11,2022 World Triathlon Cup Karlovy Vary,8,1:52:25,first,289.71,17,Yes
Jonas,Schomburg,Jonus Schomberg,Germany,GER,2022-07-24,2022 World Triathlon Cup Pontevedra,9,1:48:01,first,267.98,17,Yes
Jonas,Schomburg,Jonus Schomberg,Germany,GER,2022-06-11,2022 World Triathlon Championship Series Leeds,18,0:54:22,first,199.28,17,Yes
Jonas,Schomburg,Jonus Schomberg,Germany,GER,2022-05-28,2022 World Triathlon Cup Arzachena,10,0:55:19,first,185.91,17,No
Jonas,Schomburg,Jonus Schomberg,Germany,GER,2022-07-09,2022 World Triathlon Championship Series Hamburg,23,0:54:12,first,134.95,17,No
Jonas,Schomburg,Jonus Schomberg,Germany,GER,2022-11-24,2022 World Triathlon Championship Finals Abu Dhabi,33,1:47:34,first,103.14,17,No
Jonas,Schomburg,Jonus Schomberg,Germany,GER,2023-03-03,2023 World Triathlon Championship Series Abu Dhabi,47,0:55:34,first,20.78,17,No
Kenji,Nenner,Kenji Nenner,Japan,JPN,2022-09-17,2022 Asia Triathlon Championships Aktau,2,1:51:34,first,483.96,18,Yes
Kenji,Nenner,Kenji Nenner,Japan,JPN,2022-06-24,2022 World Triathlon Sprint & Relay Championships Montreal*,13,0:22:05,first,343.33,18,Yes
Kenji,Nenner,Kenji Nenner,Japan,JPN,2022-07-09,2022 World Triathlon Championship Series Hamburg,12,0:53:45,first,318.14,18,Yes
Kenji,Nenner,Kenji Nenner,Japan,JPN,2022-10-08,2022 World Triathlon Championship Series Cagliari,20,1:41:33,first,227.35,18,Yes
Kenji,Nenner,Kenji Nenner,Japan,JPN,2022-11-24,2022 World Triathlon Championship Finals Abu Dhabi,24,1:46:32,first,208.05,18,Yes
Kenji,Nenner,Kenji Nenner,Japan,JPN,2022-06-11,2022 World Triathlon Championship Series Leeds,19,0:54:24,first,184.34,18,Yes
Kenji,Nenner,Kenji Nenner,Japan,JPN,2023-03-03,2023 World Triathlon Championship Series Abu Dhabi,19,0:53:43,first,184.34,18,No
Kristian,Blummenfelt,Kristian Blummenfelt,Norway,NOR,2022-11-24,2022 World Triathlon Championship Finals Abu Dhabi,8,1:45:19,first,724.27,19,Yes
Kristian,Blummenfelt,Kristian Blummenfelt,Norway,NOR,2022-11-05,2022 World Triathlon Championship Series Bermuda,6,1:50:06,first,677.19,19,Yes
Kristian,Blummenfelt,Kristian Blummenfelt,Norway,NOR,2022-08-28,2022 World Triathlon Cup Bergen,2,0:55:38,first,346.88,19,Yes
Tom,Richard,Tom Richard,France,FRA,2022-07-09,2022 World Triathlon Championship Series Hamburg,6,0:53:37,first,507.89,20,Yes
Tom,Richard,Tom Richard,France,FRA,2022-11-05,2022 World Triathlon Championship Series Bermuda,10,1:50:16,first,495.76,20,Yes
Tom,Richard,Tom Richard,France,FRA,2022-05-28,2022 World Triathlon Cup Arzachena,3,0:54:35,first,320.86,20,Yes
Tom,Richard,Tom Richard,France,FRA,2022-08-28,2022 World Triathlon Cup Bergen,4,0:55:56,first,296.79,20,Yes
Tom,Richard,Tom Richard,France,FRA,2022-06-11,2022 World Triathlon Championship Series Leeds,31,0:54:54,first,72.33,20,Yes
Tom,Richard,Tom Richard,France,FRA,2022-10-08,2022 World Triathlon Championship Series Cagliari,40,1:46:14,first,47.81,20,Yes
Tom,Richard,Tom Richard,France,FRA,2022-08-12,2022 Europe Triathlon Championships Munich,32,1:45:17,first,46.39,20,No
Shachar,Sagiv,Shachar Sagiv,Israel,ISR,2022-11-24,2022 World Triathlon Championship Finals Abu Dhabi,12,1:45:41,first,530.24,21,Yes
Shachar,Sagiv,Shachar Sagiv,Israel,ISR,2022-10-08,2022 World Triathlon Championship Series Cagliari,12,1:40:59,first,424.19,21,Yes
Shachar,Sagiv,Shachar Sagiv,Israel,ISR,2022-06-18,2022 World Triathlon Cup Huatulco*,6,0:53:54,first,253.95,21,Yes
Shachar,Sagiv,Shachar Sagiv,Israel,ISR,2022-11-05,2022 World Triathlon Championship Series Bermuda,23,1:51:43,first,179.94,21,Yes
Shachar,Sagiv,Shachar Sagiv,Israel,ISR,2022-05-28,2022 World Triathlon Cup Arzachena,11,0:55:19,first,171.97,21,Yes
Shachar,Sagiv,Shachar Sagiv,Israel,ISR,2022-08-12,2022 Europe Triathlon Championships Munich,17,1:43:35,first,149.37,21,Yes
Shachar,Sagiv,Shachar Sagiv,Israel,ISR,2023-03-03,2023 World Triathlon Championship Series Abu Dhabi,35,0:54:14,first,52.95,21,No
David,Castro Fajardo,David Castro Fajardo,Spain,ESP,2022-10-08,2022 World Triathlon Championship Series Cagliari,5,1:40:36,first,732.09,22,Yes
David,Castro Fajardo,David Castro Fajardo,Spain,ESP,2022-11-13,2022 World Triathlon Cup Vina del Mar,1,0:50:52,first,375,22,Yes
David,Castro Fajardo,David Castro Fajardo,Spain,ESP,2022-09-03,2022 World Triathlon Cup Valencia,5,0:50:48,first,274.54,22,Yes
David,Castro Fajardo,David Castro Fajardo,Spain,ESP,2022-11-24,2022 World Triathlon Championship Finals Abu Dhabi,25,1:46:35,first,192.45,22,Yes
David,Castro Fajardo,David Castro Fajardo,Spain,ESP,2023-03-03,2023 World Triathlon Championship Series Abu Dhabi,25,0:53:55,first,115.47,22,Yes
Sergio,Baxter Cabrera,Sergio Baxter Cabrera,Spain,ESP,2022-07-24,2022 World Triathlon Cup Pontevedra,1,1:47:03,first,500,23,Yes
Sergio,Baxter Cabrera,Sergio Baxter Cabrera,Spain,ESP,2022-11-24,2022 World Triathlon Championship Finals Abu Dhabi,15,1:46:09,first,419.66,23,Yes
Sergio,Baxter Cabrera,Sergio Baxter Cabrera,Spain,ESP,2022-10-08,2022 World Triathlon Championship Series Cagliari,14,1:41:09,first,362.95,23,Yes
Sergio,Baxter Cabrera,Sergio Baxter Cabrera,Spain,ESP,2022-06-18,2022 World Triathlon Cup Huatulco*,5,0:53:53,first,274.54,23,Yes
Sergio,Baxter Cabrera,Sergio Baxter Cabrera,Spain,ESP,2022-11-05,2022 World Triathlon Championship Series Bermuda,32,1:53:11,first,89.21,23,Yes
Sergio,Baxter Cabrera,Sergio Baxter Cabrera,Spain,ESP,2022-08-12,2022 Europe Triathlon Championships Munich,33,1:45:19,first,42.91,23,Yes
Dorian,Coninx,Dorian Coninx,France,FRA,2023-03-03,2023 World Triathlon Championship Series Abu Dhabi,5,0:53:14,first,549.07,24,Yes
Dorian,Coninx,Dorian Coninx,France,FRA,2022-08-12,2022 Europe Triathlon Championships Munich,3,1:41:24,first,511.67,24,Yes
Dorian,Coninx,Dorian Coninx,France,FRA,2022-08-28,2022 World Triathlon Cup Bergen,1,0:55:37,first,375,24,Yes
Dorian,Coninx,Dorian Coninx,France,FRA,2022-10-08,2022 World Triathlon Championship Series Cagliari,28,1:42:39,first,121.85,24,Yes
Dorian,Coninx,Dorian Coninx,France,FRA,2022-06-24,2022 World Triathlon Sprint & Relay Championships Montreal*,28,0:00:00,first,106.62,24,Yes
Márk,Dévay,Márk Dévay,Hungary,HUN,2022-11-24,2022 World Triathlon Championship Finals Abu Dhabi,14,1:45:57,first,453.68,25,Yes
Márk,Dévay,Márk Dévay,Hungary,HUN,2022-05-28,2022 World Triathlon Cup Arzachena,4,0:54:41,first,296.79,25,Yes
Márk,Dévay,Márk Dévay,Hungary,HUN,2022-09-11,2022 World Triathlon Cup Karlovy Vary,9,1:52:32,first,267.98,25,Yes
Márk,Dévay,Márk Dévay,Hungary,HUN,2022-11-05,2022 World Triathlon Championship Series Bermuda,20,1:51:24,first,227.35,25,Yes
Márk,Dévay,Márk Dévay,Hungary,HUN,2022-08-12,2022 Europe Triathlon Championships Munich,12,1:42:56,first,220.58,25,Yes
Márk,Dévay,Márk Dévay,Hungary,HUN,2022-08-28,2022 World Triathlon Cup Bergen,10,0:56:33,first,185.91,25,Yes
Márk,Dévay,Márk Dévay,Hungary,HUN,2022-10-08,2022 World Triathlon Championship Series Cagliari,24,1:41:58,first,166.44,25,No
Márk,Dévay,Márk Dévay,Hungary,HUN,2022-06-11,2022 World Triathlon Championship Series Leeds,27,0:54:42,first,98.8,25,No
Márk,Dévay,Márk Dévay,Hungary,HUN,2022-07-09,2022 World Triathlon Championship Series Hamburg,29,0:54:24,first,84.53,25,No
Márk,Dévay,Márk Dévay,Hungary,HUN,2023-03-03,2023 World Triathlon Championship Series Abu Dhabi,38,0:54:40,first,41.91,25,No
Gianluca,Pozzatti,Gianluca Pozzatti,Italy,ITA,2022-10-08,2022 World Triathlon Championship Series Cagliari,7,1:40:45,first,626.4,26,Yes
Gianluca,Pozzatti,Gianluca Pozzatti,Italy,ITA,2022-10-29,2022 World Triathlon Cup Miyazaki,1,0:53:11,first,375,26,Yes
Gianluca,Pozzatti,Gianluca Pozzatti,Italy,ITA,2022-08-28,2022 World Triathlon Cup Bergen,7,0:56:05,first,234.9,26,Yes
Gianluca,Pozzatti,Gianluca Pozzatti,Italy,ITA,2022-09-03,2022 World Triathlon Cup Valencia,7,0:50:51,first,234.9,26,Yes
Gianluca,Pozzatti,Gianluca Pozzatti,Italy,ITA,2022-08-12,2022 Europe Triathlon Championships Munich,23,1:44:14,first,93.57,26,Yes
Gianluca,Pozzatti,Gianluca Pozzatti,Italy,ITA,2022-06-24,2022 World Triathlon Sprint & Relay Championships Montreal*,31,0:20:16,first,84.38,26,Yes
Gianluca,Pozzatti,Gianluca Pozzatti,Italy,ITA,2022-11-24,2022 World Triathlon Championship Finals Abu Dhabi,41,1:48:26,first,55.28,26,No
Gianluca,Pozzatti,Gianluca Pozzatti,Italy,ITA,2022-06-11,2022 World Triathlon Championship Series Leeds,41,0:56:08,first,33.17,26,No
Gábor,Faldum,Gábor Faldum,Hungary,HUN,2022-10-15,2022 World Triathlon Cup Tongyeong,2,1:45:09,first,462.5,27,Yes
Gábor,Faldum,Gábor Faldum,Hungary,HUN,2022-10-08,2022 World Triathlon Championship Series Cagliari,16,1:41:13,first,310.55,27,Yes
Gábor,Faldum,Gábor Faldum,Hungary,HUN,2023-03-03,2023 World Triathlon Championship Series Abu Dhabi,13,0:53:34,first,294.28,27,Yes
Gábor,Faldum,Gábor Faldum,Hungary,HUN,2022-09-11,2022 World Triathlon Cup Karlovy Vary,10,1:52:35,first,247.88,27,Yes
Gábor,Faldum,Gábor Faldum,Hungary,HUN,2022-07-09,2022 World Triathlon Championship Series Hamburg,16,0:53:57,first,232.91,27,Yes
Gábor,Faldum,Gábor Faldum,Hungary,HUN,2022-06-24,2022 World Triathlon Sprint & Relay Championships Montreal*,31,0:20:16,first,84.38,27,Yes
Gábor,Faldum,Gábor Faldum,Hungary,HUN,2022-11-24,2022 World Triathlon Championship Finals Abu Dhabi,49,1:50:01,first,29.63,27,No
Jonathan,Brownlee,Jonathan Brownlee,Great Britain,GBR,2022-10-08,2022 World Triathlon Championship Series Cagliari,2,1:40:26,first,925,28,Yes
Jonathan,Brownlee,Jonathan Brownlee,Great Britain,GBR,2022-05-28,2022 World Triathlon Cup Arzachena,1,0:54:08,first,375,28,Yes
Jonathan,Brownlee,Jonathan Brownlee,Great Britain,GBR,2022-11-24,2022 World Triathlon Championship Finals Abu Dhabi,26,1:46:38,first,178.01,28,Yes
Jonathan,Brownlee,Jonathan Brownlee,Great Britain,GBR,2022-08-28,2022 World Triathlon Cup Bergen,16,0:57:04,first,116.45,28,Yes
Miguel,Hidalgo,Miguel Hidalgo,Brazil,BRA,2022-06-11,2022 World Triathlon Championship Series Leeds,6,0:53:53,first,507.89,29,Yes
Miguel,Hidalgo,Miguel Hidalgo,Brazil,BRA,2022-06-18,2022 World Triathlon Cup Huatulco*,3,0:53:50,first,320.86,29,Yes
Miguel,Hidalgo,Miguel Hidalgo,Brazil,BRA,2022-06-24,2022 World Triathlon Sprint & Relay Championships Montreal*,16,0:22:15,first,271.73,29,Yes
Miguel,Hidalgo,Miguel Hidalgo,Brazil,BRA,2023-03-03,2023 World Triathlon Championship Series Abu Dhabi,16,0:53:39,first,232.91,29,Yes
Miguel,Hidalgo,Miguel Hidalgo,Brazil,BRA,2022-11-05,2022 World Triathlon Championship Series Bermuda,26,1:52:04,first,142.41,29,Yes
Miguel,Hidalgo,Miguel Hidalgo,Brazil,BRA,2022-10-08,2022 World Triathlon Championship Series Cagliari,29,1:42:43,first,112.71,29,Yes
Miguel,Hidalgo,Miguel Hidalgo,Brazil,BRA,2022-11-24,2022 World Triathlon Championship Finals Abu Dhabi,47,1:49:40,first,34.63,29,No
Sylvain,Fridelance,Sylvain Fridelance,Switzerland,SUI,2022-06-24,2022 World Triathlon Sprint & Relay Championships Montreal*,12,0:22:04,first,371.17,30,Yes
Sylvain,Fridelance,Sylvain Fridelance,Switzerland,SUI,2022-11-24,2022 World Triathlon Championship Finals Abu Dhabi,18,1:46:12,first,332.14,30,Yes
Sylvain,Fridelance,Sylvain Fridelance,Switzerland,SUI,2022-08-28,2022 World Triathlon Cup Bergen,8,0:56:16,first,217.28,30,Yes
Sylvain,Fridelance,Sylvain Fridelance,Switzerland,SUI,2022-06-11,2022 World Triathlon Championship Series Leeds,17,0:54:21,first,215.44,30,Yes
Sylvain,Fridelance,Sylvain Fridelance,Switzerland,SUI,2023-03-03,2023 World Triathlon Championship Series Abu Dhabi,17,0:53:41,first,215.44,30,Yes
Sylvain,Fridelance,Sylvain Fridelance,Switzerland,SUI,2022-11-05,2022 World Triathlon Championship Series Bermuda,21,1:51:32,first,210.3,30,Yes
Sylvain,Fridelance,Sylvain Fridelance,Switzerland,SUI,2022-08-12,2022 Europe Triathlon Championships Munich,36,1:45:45,first,33.96,30,No
Pierre,Le Corre,Pierre Le Corre,France,FRA,2022-08-12,2022 Europe Triathlon Championships Munich,2,1:41:17,first,577.2,31,Yes
Pierre,Le Corre,Pierre Le Corre,France,FRA,2022-06-24,2022 World Triathlon Sprint & Relay Championships Montreal*,7,0:22:11,first,548.1,31,Yes
Pierre,Le Corre,Pierre Le Corre,France,FRA,2022-06-11,2022 World Triathlon Championship Series Leeds,13,0:54:12,first,294.28,31,Yes
Pierre,Le Corre,Pierre Le Corre,France,FRA,2022-10-08,2022 World Triathlon Championship Series Cagliari,34,1:43:25,first,76.33,31,Yes
Seth,Rider,Seth Rider,United States,USA,2022-11-24,2022 World Triathlon Championship Finals Abu Dhabi,16,1:46:09,first,388.18,32,Yes
Seth,Rider,Seth Rider,United States,USA,2022-08-28,2022 World Triathlon Cup Bergen,6,0:56:02,first,253.95,32,Yes
Seth,Rider,Seth Rider,United States,USA,2023-03-25,2023 World Triathlon Cup New Plymouth,6,0:57:05,first,253.95,32,Yes
Seth,Rider,Seth Rider,United States,USA,2022-10-08,2022 World Triathlon Championship Series Cagliari,19,1:41:28,first,245.78,32,Yes
Seth,Rider,Seth Rider,United States,USA,2022-09-11,2022 World Triathlon Cup Karlovy Vary,15,1:53:01,first,167.86,32,Yes
Seth,Rider,Seth Rider,United States,USA,2022-07-09,2022 World Triathlon Championship Series Hamburg,21,0:54:07,first,157.72,32,Yes
Seth,Rider,Seth Rider,United States,USA,2022-06-24,2022 World Triathlon Sprint & Relay Championships Montreal*,40,0:20:32,first,41.83,32,No
Seth,Rider,Seth Rider,United States,USA,2022-06-11,2022 World Triathlon Championship Series Leeds,42,0:56:10,first,30.68,32,No
Max,Studer,Max Studer,Switzerland,SUI,2022-07-24,2022 World Triathlon Cup Pontevedra,3,1:47:17,first,427.81,33,Yes
Max,Studer,Max Studer,Switzerland,SUI,2023-03-03,2023 World Triathlon Championship Series Abu Dhabi,9,0:53:20,first,401.97,33,Yes
Max,Studer,Max Studer,Switzerland,SUI,2022-05-28,2022 World Triathlon Cup Arzachena,5,0:55:00,first,274.54,33,Yes
Max,Studer,Max Studer,Switzerland,SUI,2022-08-28,2022 World Triathlon Cup Bergen,12,0:56:48,first,159.07,33,Yes
Max,Studer,Max Studer,Switzerland,SUI,2022-08-12,2022 Europe Triathlon Championships Munich,22,1:44:12,first,101.15,33,Yes
Max,Studer,Max Studer,Switzerland,SUI,2022-07-09,2022 World Triathlon Championship Series Hamburg,35,0:54:44,first,52.95,33,Yes
Joao,Pereira,Joao Pereira,Portugal,POR,2022-08-12,2022 Europe Triathlon Championships Munich,6,1:41:49,first,352.14,34,Yes
Joao,Pereira,Joao Pereira,Portugal,POR,2022-07-24,2022 World Triathlon Cup Pontevedra,7,1:47:57,first,313.2,34,Yes
Joao,Pereira,Joao Pereira,Portugal,POR,2022-06-18,2022 World Triathlon Cup Huatulco*,7,0:53:56,first,234.9,34,Yes
Joao,Pereira,Joao Pereira,Portugal,POR,2022-09-11,2022 World Triathlon Cup Karlovy Vary,13,1:53:01,first,196.19,34,Yes
Joao,Pereira,Joao Pereira,Portugal,POR,2022-10-08,2022 World Triathlon Championship Series Cagliari,23,1:41:56,first,179.94,34,Yes
Joao,Pereira,Joao Pereira,Portugal,POR,2023-03-03,2023 World Triathlon Championship Series Abu Dhabi,23,0:53:53,first,134.95,34,Yes
Joao,Pereira,Joao Pereira,Portugal,POR,2022-11-05,2022 World Triathlon Championship Series Bermuda,29,1:52:33,first,112.71,34,No
Joao,Pereira,Joao Pereira,Portugal,POR,2022-11-24,2022 World Triathlon Championship Finals Abu Dhabi,38,1:48:01,first,69.85,34,No
Richard,Murray,Richard Murray,Netherlands,NED,2022-06-11,2022 World Triathlon Championship Series Leeds,7,0:53:57,first,469.8,35,Yes
Richard,Murray,Richard Murray,Netherlands,NED,2022-06-24,2022 World Triathlon Sprint & Relay Championships Montreal*,15,0:22:12,first,293.76,35,Yes
Richard,Murray,Richard Murray,Netherlands,NED,2023-03-03,2023 World Triathlon Championship Series Abu Dhabi,14,0:53:36,first,272.21,35,Yes
Richard,Murray,Richard Murray,Netherlands,NED,2022-11-24,2022 World Triathlon Championship Finals Abu Dhabi,21,1:46:23,first,262.87,35,Yes
Richard,Murray,Richard Murray,Netherlands,NED,2022-07-09,2022 World Triathlon Championship Series Hamburg,37,0:55:03,first,45.31,35,Yes
Richard,Murray,Richard Murray,Netherlands,NED,2022-08-12,2022 Europe Triathlon Championships Munich,37,1:45:59,first,31.41,35,Yes
Johannes,Vogel,Johannes Vogel,Germany,GER,2022-07-24,2022 World Triathlon Cup Pontevedra,6,1:47:57,first,338.59,36,Yes
Johannes,Vogel,Johannes Vogel,Germany,GER,2022-10-08,2022 World Triathlon Championship Series Cagliari,17,1:41:16,first,287.26,36,Yes
Johannes,Vogel,Johannes Vogel,Germany,GER,2022-11-05,2022 World Triathlon Championship Series Bermuda,19,1:51:16,first,245.78,36,Yes
Johannes,Vogel,Johannes Vogel,Germany,GER,2022-10-15,2022 World Triathlon Cup Tongyeong,11,1:45:49,first,229.29,36,Yes
Johannes,Vogel,Johannes Vogel,Germany,GER,2022-09-11,2022 World Triathlon Cup Karlovy Vary,14,1:53:01,first,181.47,36,Yes
Johannes,Vogel,Johannes Vogel,Germany,GER,2022-08-28,2022 World Triathlon Cup Bergen,19,0:57:12,first,92.17,36,Yes
Johannes,Vogel,Johannes Vogel,Germany,GER,2022-05-28,2022 World Triathlon Cup Arzachena,29,0:58:04,first,42.27,36,No
Johannes,Vogel,Johannes Vogel,Germany,GER,2023-03-03,2023 World Triathlon Championship Series Abu Dhabi,49,0:55:44,first,17.78,36,No
Diego,Moya,Diego Moya,Chile,CHI,2022-10-29,2022 Americas Triathlon Championships Montevideo,2,1:51:24,first,519.48,37,Yes
Diego,Moya,Diego Moya,Chile,CHI,2022-11-13,2022 World Triathlon Cup Vina del Mar,2,0:50:55,first,346.88,37,Yes
Diego,Moya,Diego Moya,Chile,CHI,2022-06-24,2022 World Triathlon Sprint & Relay Championships Montreal*,18,0:22:24,first,232.5,37,Yes
Diego,Moya,Diego Moya,Chile,CHI,2022-06-18,2022 World Triathlon Cup Huatulco*,9,0:54:04,first,200.99,37,Yes
Diego,Moya,Diego Moya,Chile,CHI,2022-07-24,2022 World Triathlon Cup Pontevedra,36,1:51:27,first,32.65,37,Yes
Diego,Moya,Diego Moya,Chile,CHI,2023-03-25,2023 World Triathlon Cup New Plymouth,33,0:58:18,first,30.94,37,Yes
Diego,Moya,Diego Moya,Chile,CHI,2022-09-11,2022 World Triathlon Cup Karlovy Vary,37,1:56:58,first,30.2,37,No
Bence,Bicsák,Bence Bicsák,Hungary,HUN,2022-11-05,2022 World Triathlon Championship Series Bermuda,8,1:50:14,first,579.42,38,Yes
Bence,Bicsák,Bence Bicsák,Hungary,HUN,2022-08-12,2022 Europe Triathlon Championships Munich,10,1:42:46,first,257.8,38,Yes
Bence,Bicsák,Bence Bicsák,Hungary,HUN,2022-09-03,2022 World Triathlon Cup Valencia,10,0:50:54,first,185.91,38,Yes
Bence,Bicsák,Bence Bicsák,Hungary,HUN,2022-07-09,2022 World Triathlon Championship Series Hamburg,22,0:54:11,first,145.89,38,Yes
Bence,Bicsák,Bence Bicsák,Hungary,HUN,2022-06-11,2022 World Triathlon Championship Series Leeds,24,0:54:36,first,124.83,38,Yes
Bence,Bicsák,Bence Bicsák,Hungary,HUN,2022-11-24,2022 World Triathlon Championship Finals Abu Dhabi,42,1:48:29,first,51.14,38,Yes
Bence,Bicsák,Bence Bicsák,Hungary,HUN,2023-03-03,2023 World Triathlon Championship Series Abu Dhabi,43,0:54:57,first,28.38,38,No
Alberto,Gonzales Garcia,Alberto Gonzales Garcia,Spain,ESP,2022-10-29,2022 World Triathlon Cup Miyazaki,2,0:53:17,first,346.88,39,Yes
Alberto,Gonzales Garcia,Alberto Gonzales Garcia,Spain,ESP,2022-05-28,2022 World Triathlon Cup Arzachena,6,0:55:13,first,253.95,39,Yes
Alberto,Gonzales Garcia,Alberto Gonzales Garcia,Spain,ESP,2022-09-03,2022 World Triathlon Cup Valencia,6,0:50:49,first,253.95,39,Yes
Alberto,Gonzales Garcia,Alberto Gonzales Garcia,Spain,ESP,2022-09-11,2022 World Triathlon Cup Karlovy Vary,12,1:52:53,first,212.09,39,Yes
Alberto,Gonzales Garcia,Alberto Gonzales Garcia,Spain,ESP,2022-10-15,2022 World Triathlon Cup Tongyeong,16,1:46:22,first,155.27,39,Yes
Alberto,Gonzales Garcia,Alberto Gonzales Garcia,Spain,ESP,2022-07-09,2022 World Triathlon Championship Series Hamburg,26,0:54:21,first,106.81,39,Yes
Alberto,Gonzales Garcia,Alberto Gonzales Garcia,Spain,ESP,2023-03-03,2023 World Triathlon Championship Series Abu Dhabi,27,0:53:57,first,98.8,39,No
Alberto,Gonzales Garcia,Alberto Gonzales Garcia,Spain,ESP,2022-08-28,2022 World Triathlon Cup Bergen,29,0:57:49,first,42.27,39,No
Genis,Grau,Genis Grau,Spain,ESP,2022-06-18,2022 World Triathlon Cup Huatulco*,1,0:53:47,first,375,40,Yes
Genis,Grau,Genis Grau,Spain,ESP,2022-07-24,2022 World Triathlon Cup Pontevedra,5,1:47:56,first,366.05,40,Yes
Genis,Grau,Genis Grau,Spain,ESP,2022-06-24,2022 World Triathlon Sprint & Relay Championships Montreal*,22,0:22:21,first,170.21,40,Yes
Genis,Grau,Genis Grau,Spain,ESP,2022-10-08,2022 World Triathlon Championship Series Cagliari,25,1:42:11,first,153.96,40,Yes
Genis,Grau,Genis Grau,Spain,ESP,2022-08-12,2022 Europe Triathlon Championships Munich,26,1:44:32,first,74.05,40,Yes
Genis,Grau,Genis Grau,Spain,ESP,2022-08-28,2022 World Triathlon Cup Bergen,22,0:57:31,first,72.95,40,Yes
Genis,Grau,Genis Grau,Spain,ESP,2022-11-13,2022 World Triathlon Cup Vina del Mar,30,0:52:40,first,39.1,40,No
Genis,Grau,Genis Grau,Spain,ESP,2022-06-11,2022 World Triathlon Championship Series Leeds,44,0:56:31,first,26.25,40,No
Ricardo,Batista,Ricardo Batista,Portugal,POR,2023-03-25,2023 World Triathlon Cup New Plymouth,3,0:56:32,first,320.86,41,Yes
Ricardo,Batista,Ricardo Batista,Portugal,POR,2022-10-29,2022 World Triathlon Cup Miyazaki,3,0:53:18,first,320.86,41,Yes
Ricardo,Batista,Ricardo Batista,Portugal,POR,2022-10-15,2022 World Triathlon Cup Tongyeong,12,1:45:50,first,212.09,41,Yes
Ricardo,Batista,Ricardo Batista,Portugal,POR,2022-06-11,2022 World Triathlon Championship Series Leeds,22,0:54:35,first,145.89,41,Yes
Ricardo,Batista,Ricardo Batista,Portugal,POR,2022-06-24,2022 World Triathlon Sprint & Relay Championships Montreal*,26,0:22:38,first,124.61,41,Yes
Ricardo,Batista,Ricardo Batista,Portugal,POR,2023-03-03,2023 World Triathlon Championship Series Abu Dhabi,33,0:54:02,first,61.89,41,Yes
Ricardo,Batista,Ricardo Batista,Portugal,POR,2022-11-24,2022 World Triathlon Championship Finals Abu Dhabi,46,1:49:28,first,37.44,41,No
Morgan,Pearson,Morgan Pearson,United States,USA,2022-11-24,2022 World Triathlon Championship Finals Abu Dhabi,2,1:44:25,first,1156.25,42,Yes
Morgan,Pearson,Morgan Pearson,United States,USA,2022-11-13,2022 World Triathlon Cup Vina del Mar,50,0:54:39,first,8.22,42,Yes